<?xml version="1.0"?>
<?mso-application progid="Excel.Sheet"?>
<Workbook xmlns="urn:schemas-microsoft-com:office:spreadsheet"
 xmlns:o="urn:schemas-microsoft-com:office:office"
 xmlns:x="urn:schemas-microsoft-com:office:excel"
 xmlns:ss="urn:schemas-microsoft-com:office:spreadsheet"
 xmlns:html="http://www.w3.org/TR/REC-html40">
 <DocumentProperties xmlns="urn:schemas-microsoft-com:office:office">
  <Author>Reuven Weiser</Author>
  <LastAuthor>Francis Vila</LastAuthor>
  <Created>2014-01-22T11:53:35Z</Created>
  <LastSaved>2021-09-17T08:58:35Z</LastSaved>
  <Version>16.00</Version>
 </DocumentProperties>
 <OfficeDocumentSettings xmlns="urn:schemas-microsoft-com:office:office">
  <AllowPNG/>
 </OfficeDocumentSettings>
 <ExcelWorkbook xmlns="urn:schemas-microsoft-com:office:excel">
  <WindowHeight>7920</WindowHeight>
  <WindowWidth>21570</WindowWidth>
  <WindowTopX>32767</WindowTopX>
  <WindowTopY>32767</WindowTopY>
  <RefModeR1C1/>
  <ProtectStructure>False</ProtectStructure>
  <ProtectWindows>False</ProtectWindows>
 </ExcelWorkbook>
 <Styles>
  <Style ss:ID="Default" ss:Name="Normal">
   <Alignment ss:Vertical="Bottom"/>
   <Borders/>
   <Font ss:FontName="Calibri" x:Family="Swiss" ss:Size="11" ss:Color="#000000"/>
   <Interior/>
   <NumberFormat/>
   <Protection/>
  </Style>
  <Style ss:ID="s62">
   <Alignment ss:Horizontal="Left" ss:Vertical="Bottom"/>
   <Font ss:FontName="Calibri" x:Family="Swiss" ss:Size="11"/>
  </Style>
  <Style ss:ID="s63">
   <Borders/>
   <Font ss:FontName="Calibri" x:Family="Swiss" ss:Size="11" ss:Color="#000000"/>
   <Interior/>
  </Style>
  <Style ss:ID="s66">
   <NumberFormat ss:Format="@"/>
  </Style>
  <Style ss:ID="s67">
   <Alignment ss:Vertical="Bottom"/>
   <Font ss:FontName="Calibri" x:Family="Swiss" ss:Size="11" ss:Color="#000000"/>
  </Style>
  <Style ss:ID="s68">
   <Alignment ss:Vertical="Bottom"/>
   <Borders/>
   <Font ss:FontName="Calibri" x:Family="Swiss" ss:Size="11"/>
   <Interior/>
   <NumberFormat/>
   <Protection/>
  </Style>
  <Style ss:ID="s69">
   <Alignment ss:Vertical="Bottom"/>
   <Borders/>
   <Font ss:FontName="Calibri" x:Family="Swiss" ss:Size="11" ss:Color="#000000"/>
   <Interior/>
   <NumberFormat ss:Format="@"/>
  </Style>
  <Style ss:ID="s71">
   <Font ss:FontName="Calibri" x:Family="Swiss" ss:Size="11" ss:Color="#FF0000"/>
  </Style>
  <Style ss:ID="s72">
   <Borders/>
   <Interior/>
   <NumberFormat ss:Format="@"/>
  </Style>
  <Style ss:ID="s73">
   <Borders/>
  </Style>
  <Style ss:ID="s74">
   <Borders/>
   <NumberFormat ss:Format="@"/>
  </Style>
  <Style ss:ID="s75">
   <Alignment ss:Horizontal="Left" ss:Vertical="Bottom" ss:WrapText="1"/>
   <Font ss:FontName="Calibri" x:Family="Swiss" ss:Size="11"/>
  </Style>
  <Style ss:ID="s76">
   <Alignment ss:Vertical="Bottom" ss:WrapText="1"/>
   <Font ss:FontName="Calibri" x:Family="Swiss" ss:Size="11"/>
  </Style>
 </Styles>
 <Names>
  <NamedRange ss:Name="AccessList" ss:RefersTo="=data!R3C3:R5C3"/>
  <NamedRange ss:Name="ContentList" ss:RefersTo="=data!R3C2:R30C2"/>
  <NamedRange ss:Name="EnvironmentList" ss:RefersTo="=data!R3C4:R13C4"/>
  <NamedRange ss:Name="ProductList" ss:RefersTo="=data!R3C1:R66C1"/>
 </Names>
 <Worksheet ss:Name="Sheet1">
  <Table ss:ExpandedColumnCount="11" ss:ExpandedRowCount="6" x:FullColumns="1"
   x:FullRows="1" ss:StyleID="s62" ss:DefaultColumnWidth="51"
   ss:DefaultRowHeight="15">
   <Column ss:StyleID="s62" ss:AutoFitWidth="0" ss:Width="153"/>
   <Column ss:StyleID="s62" ss:AutoFitWidth="0" ss:Width="183.75"/>
   <Column ss:StyleID="s62" ss:AutoFitWidth="0" ss:Width="225.75"/>
   <Column ss:StyleID="s62" ss:AutoFitWidth="0" ss:Width="140.25"/>
   <Column ss:StyleID="s62" ss:AutoFitWidth="0" ss:Width="87.75"/>
   <Column ss:StyleID="s62" ss:AutoFitWidth="0" ss:Width="80.25"/>
   <Column ss:StyleID="s62" ss:AutoFitWidth="0" ss:Width="161.25" ss:Span="2"/>
   <Column ss:Index="10" ss:StyleID="s62" ss:Width="138.75"/>
   <Column ss:StyleID="s62" ss:AutoFitWidth="0" ss:Width="135.75"/>
   <Row ss:AutoFitHeight="0">
    <Cell><Data ss:Type="String">Filename</Data></Cell>
    <Cell><Data ss:Type="String">Title</Data></Cell>
    <Cell><Data ss:Type="String">Product</Data></Cell>
    <Cell><Data ss:Type="String">Content Type</Data></Cell>
    <Cell><Data ss:Type="String">Access</Data></Cell>
    <Cell><Data ss:Type="String">Environment</Data></Cell>
    <Cell><Data ss:Type="String">Keywords</Data></Cell>
   </Row>
   <Row ss:AutoFitHeight="0">
    <Cell><Data ss:Type="String">MAP</Data></Cell>
    <Cell><Data ss:Type="String">entire bundle (all content)</Data></Cell>
    <Cell ss:StyleID="s75"><Data ss:Type="String">prod-bes</Data></Cell>
    <Cell ss:StyleID="s76"><Data ss:Type="String">ct-user</Data></Cell>
    <Cell ss:StyleID="Default"><Data ss:Type="String">access-internal</Data></Cell>
    <Cell ss:StyleID="s66"/>
    <Cell ss:Index="10" ss:StyleID="s67"/>
   </Row>
   <Row ss:AutoFitHeight="0">
    <Cell><Data ss:Type="String">apply-ALL</Data></Cell>
    <Cell><Data ss:Type="String">topic tags get added to this row</Data></Cell>
    <Cell ss:StyleID="s75"><Data ss:Type="String">prod-bes</Data></Cell>
    <Cell ss:StyleID="s76"><Data ss:Type="String">ct-user</Data></Cell>
    <Cell ss:StyleID="Default"><Data ss:Type="String">access-internal</Data></Cell>
    <Cell ss:StyleID="s69"/>
    <Cell ss:StyleID="s68"/>
    <Cell ss:StyleID="s68"/>
    <Cell ss:StyleID="s68"/>
    <Cell ss:StyleID="s67"/>
   </Row>
   <Row ss:AutoFitHeight="0">
    <Cell><Data ss:Type="String">default</Data></Cell>
    <Cell><Data ss:Type="String">topic tags overwrite this row</Data></Cell>
    <Cell ss:StyleID="s75"><Data ss:Type="String">prod-bes</Data></Cell>
    <Cell ss:StyleID="s76"><Data ss:Type="String">ct-user</Data></Cell>
    <Cell ss:StyleID="Default"><Data ss:Type="String">access-internal</Data></Cell>
    <Cell ss:StyleID="s66"><Data ss:Type="String">env-onprem</Data></Cell>
    <Cell ss:StyleID="s68"><Data ss:Type="String">test conversion</Data></Cell>
    <Cell ss:StyleID="s68"/>
    <Cell ss:StyleID="s68"/>
   </Row>
   <Row ss:AutoFitHeight="0">
    <Cell ss:StyleID="Default"/>
    <Cell ss:StyleID="Default"/>
    <Cell ss:StyleID="Default"/>
    <Cell ss:StyleID="Default"/>
    <Cell ss:StyleID="Default"/>
    <Cell ss:StyleID="Default"/>
    <Cell ss:StyleID="Default"/>
    <Cell ss:StyleID="Default"/>
    <Cell ss:StyleID="Default"/>
    <Cell ss:StyleID="Default"/>
   </Row>
   <Row ss:AutoFitHeight="0">
    <Cell ss:Index="2" ss:StyleID="Default"/>
    <Cell ss:Index="5" ss:StyleID="Default"/>
   </Row>
  </Table>
  <WorksheetOptions xmlns="urn:schemas-microsoft-com:office:excel">
   <PageSetup>
    <Header x:Margin="0.3"/>
    <Footer x:Margin="0.3"/>
    <PageMargins x:Bottom="0.75" x:Left="0.7" x:Right="0.7" x:Top="0.75"/>
   </PageSetup>
   <Unsynced/>
   <Print>
    <ValidPrinterInfo/>
    <HorizontalResolution>600</HorizontalResolution>
    <VerticalResolution>600</VerticalResolution>
   </Print>
   <Selected/>
   <FreezePanes/>
   <FrozenNoSplit/>
   <SplitHorizontal>1</SplitHorizontal>
   <TopRowBottomPane>1</TopRowBottomPane>
   <ActivePane>2</ActivePane>
   <Panes>
    <Pane>
     <Number>3</Number>
    </Pane>
    <Pane>
     <Number>2</Number>
     <ActiveCol>1</ActiveCol>
    </Pane>
   </Panes>
   <ProtectObjects>False</ProtectObjects>
   <ProtectScenarios>False</ProtectScenarios>
  </WorksheetOptions>
 </Worksheet>
 <Worksheet ss:Name="data">
  <Table ss:ExpandedColumnCount="4" ss:ExpandedRowCount="66" x:FullColumns="1"
   x:FullRows="1" ss:DefaultRowHeight="14.4375">
   <Column ss:AutoFitWidth="0" ss:Width="124.5"/>
   <Column ss:AutoFitWidth="0" ss:Width="97.5"/>
   <Column ss:AutoFitWidth="0" ss:Width="96.75"/>
   <Column ss:AutoFitWidth="0" ss:Width="105"/>
   <Row ss:AutoFitHeight="0">
    <Cell ss:StyleID="s71"><Data ss:Type="String">do not edit this page</Data></Cell>
   </Row>
   <Row ss:AutoFitHeight="0">
    <Cell><Data ss:Type="String">ProductList</Data></Cell>
    <Cell><Data ss:Type="String">ContentList</Data></Cell>
    <Cell><Data ss:Type="String">AccessList</Data></Cell>
    <Cell><Data ss:Type="String">EnvironmentList</Data></Cell>
   </Row>
   <Row ss:AutoFitHeight="0">
    <Cell ss:StyleID="s63"><Data ss:Type="String">prod-activator</Data><NamedCell
      ss:Name="ProductList"/></Cell>
    <Cell ss:StyleID="s72"><Data ss:Type="String">ct-accessibility</Data><NamedCell
      ss:Name="ContentList"/></Cell>
    <Cell ss:StyleID="s72"><Data ss:Type="String">access-public</Data><NamedCell
      ss:Name="AccessList"/></Cell>
    <Cell ss:StyleID="s72"><Data ss:Type="String">env-appliance</Data><NamedCell
      ss:Name="EnvironmentList"/></Cell>
   </Row>
   <Row ss:AutoFitHeight="0">
    <Cell ss:StyleID="s63"><Data ss:Type="String">prod-activator-5120</Data><NamedCell
      ss:Name="ProductList"/></Cell>
    <Cell ss:StyleID="s63"><Data ss:Type="String">ct-admin</Data><NamedCell
      ss:Name="ContentList"/></Cell>
    <Cell ss:StyleID="s72"><Data ss:Type="String">access-internal</Data><NamedCell
      ss:Name="AccessList"/></Cell>
    <Cell ss:StyleID="s72"><Data ss:Type="String">env-cloud</Data><NamedCell
      ss:Name="EnvironmentList"/></Cell>
   </Row>
   <Row ss:AutoFitHeight="0">
    <Cell ss:StyleID="s63"><Data ss:Type="String">prod-api-gateway</Data><NamedCell
      ss:Name="ProductList"/></Cell>
    <Cell ss:StyleID="s63"><Data ss:Type="String">ct-admin-config</Data><NamedCell
      ss:Name="ContentList"/></Cell>
    <Cell ss:StyleID="s73"><Data ss:Type="String">access-public</Data><NamedCell
      ss:Name="AccessList"/></Cell>
    <Cell ss:StyleID="s72"><Data ss:Type="String">env-cloud-axway</Data><NamedCell
      ss:Name="EnvironmentList"/></Cell>
   </Row>
   <Row ss:AutoFitHeight="0">
    <Cell ss:StyleID="s63"><Data ss:Type="String">prod-api-gateway-741</Data><NamedCell
      ss:Name="ProductList"/></Cell>
    <Cell ss:StyleID="s63"><Data ss:Type="String">ct-admin-deploy</Data><NamedCell
      ss:Name="ContentList"/></Cell>
    <Cell ss:Index="4" ss:StyleID="s72"><Data ss:Type="String">env-cloud-private</Data><NamedCell
      ss:Name="EnvironmentList"/></Cell>
   </Row>
   <Row ss:AutoFitHeight="0">
    <Cell ss:StyleID="s63"><Data ss:Type="String">prod-api-gateway-751</Data><NamedCell
      ss:Name="ProductList"/></Cell>
    <Cell ss:StyleID="s74"><Data ss:Type="String">ct-admin-integrate</Data><NamedCell
      ss:Name="ContentList"/></Cell>
    <Cell ss:Index="4" ss:StyleID="s72"><Data ss:Type="String">env-container</Data><NamedCell
      ss:Name="EnvironmentList"/></Cell>
   </Row>
   <Row ss:AutoFitHeight="0">
    <Cell ss:StyleID="s63"><Data ss:Type="String">prod-api-gateway-752</Data><NamedCell
      ss:Name="ProductList"/></Cell>
    <Cell ss:StyleID="s74"><Data ss:Type="String">ct-bp</Data><NamedCell
      ss:Name="ContentList"/></Cell>
    <Cell ss:Index="4" ss:StyleID="s72"><Data ss:Type="String">env-onprem</Data><NamedCell
      ss:Name="EnvironmentList"/></Cell>
   </Row>
   <Row ss:AutoFitHeight="0">
    <Cell ss:StyleID="s63"><Data ss:Type="String">prod-api-gateway-77</Data><NamedCell
      ss:Name="ProductList"/></Cell>
    <Cell ss:StyleID="s74"><Data ss:Type="String">ct-bp-capacity</Data><NamedCell
      ss:Name="ContentList"/></Cell>
    <Cell ss:Index="4" ss:StyleID="s72"><Data ss:Type="String">env-onprem-unix</Data><NamedCell
      ss:Name="EnvironmentList"/></Cell>
   </Row>
   <Row ss:AutoFitHeight="0">
    <Cell ss:StyleID="s63"><Data ss:Type="String">prod-vm</Data><NamedCell
      ss:Name="ProductList"/></Cell>
    <Cell ss:StyleID="s74"><Data ss:Type="String">ct-bp-security</Data><NamedCell
      ss:Name="ContentList"/></Cell>
    <Cell ss:Index="4" ss:StyleID="s72"><Data ss:Type="String">env-onprem-mac</Data><NamedCell
      ss:Name="EnvironmentList"/></Cell>
   </Row>
   <Row ss:AutoFitHeight="0">
    <Cell ss:StyleID="s63"><Data ss:Type="String">prod-vm-751</Data><NamedCell
      ss:Name="ProductList"/></Cell>
    <Cell ss:StyleID="s74"><Data ss:Type="String">ct-dev</Data><NamedCell
      ss:Name="ContentList"/></Cell>
    <Cell ss:Index="4" ss:StyleID="s72"><Data ss:Type="String">env-onprem-windows</Data><NamedCell
      ss:Name="EnvironmentList"/></Cell>
   </Row>
   <Row ss:AutoFitHeight="0">
    <Cell ss:StyleID="s63"><Data ss:Type="String">prod-vm-752</Data><NamedCell
      ss:Name="ProductList"/></Cell>
    <Cell ss:StyleID="s74"><Data ss:Type="String">ct-dev-api</Data><NamedCell
      ss:Name="ContentList"/></Cell>
    <Cell ss:Index="4" ss:StyleID="s72"><Data ss:Type="String">env-onprem-other</Data><NamedCell
      ss:Name="EnvironmentList"/></Cell>
   </Row>
   <Row ss:AutoFitHeight="0">
    <Cell ss:StyleID="s63"><Data ss:Type="String">prod-vm-77</Data><NamedCell
      ss:Name="ProductList"/></Cell>
    <Cell ss:StyleID="s74"><Data ss:Type="String">ct-dev-app</Data><NamedCell
      ss:Name="ContentList"/></Cell>
    <Cell ss:Index="4" ss:StyleID="s72"><Data ss:Type="String">env-na</Data><NamedCell
      ss:Name="EnvironmentList"/></Cell>
   </Row>
   <Row ss:AutoFitHeight="0">
    <Cell ss:StyleID="s63"><Data ss:Type="String">prod-api-manager</Data><NamedCell
      ss:Name="ProductList"/></Cell>
    <Cell ss:StyleID="s74"><Data ss:Type="String">ct-dev-policy</Data><NamedCell
      ss:Name="ContentList"/></Cell>
   </Row>
   <Row ss:AutoFitHeight="0">
    <Cell ss:StyleID="s63"><Data ss:Type="String">prod-api-manager-741</Data><NamedCell
      ss:Name="ProductList"/></Cell>
    <Cell ss:StyleID="s74"><Data ss:Type="String">ct-dev-connector</Data><NamedCell
      ss:Name="ContentList"/></Cell>
   </Row>
   <Row ss:AutoFitHeight="0">
    <Cell ss:StyleID="s63"><Data ss:Type="String">prod-api-manager-751</Data><NamedCell
      ss:Name="ProductList"/></Cell>
    <Cell ss:StyleID="s74"><Data ss:Type="String">ct-faq</Data><NamedCell
      ss:Name="ContentList"/></Cell>
   </Row>
   <Row ss:AutoFitHeight="0">
    <Cell ss:StyleID="s63"><Data ss:Type="String">prod-api-manager-752</Data><NamedCell
      ss:Name="ProductList"/></Cell>
    <Cell ss:StyleID="s74"><Data ss:Type="String">ct-getstarted</Data><NamedCell
      ss:Name="ContentList"/></Cell>
   </Row>
   <Row ss:AutoFitHeight="0">
    <Cell ss:StyleID="s63"><Data ss:Type="String">prod-api-manager-77</Data><NamedCell
      ss:Name="ProductList"/></Cell>
    <Cell ss:StyleID="s74"><Data ss:Type="String">ct-howto</Data><NamedCell
      ss:Name="ContentList"/></Cell>
   </Row>
   <Row ss:AutoFitHeight="0">
    <Cell ss:StyleID="s63"><Data ss:Type="String">prod-api-manage-plus</Data><NamedCell
      ss:Name="ProductList"/></Cell>
    <Cell ss:StyleID="s74"><Data ss:Type="String">ct-install</Data><NamedCell
      ss:Name="ContentList"/></Cell>
   </Row>
   <Row ss:AutoFitHeight="0">
    <Cell ss:StyleID="s63"><Data ss:Type="String">prod-api-portal</Data><NamedCell
      ss:Name="ProductList"/></Cell>
    <Cell ss:StyleID="s63"><Data ss:Type="String">ct-interop-matrix</Data><NamedCell
      ss:Name="ContentList"/></Cell>
   </Row>
   <Row ss:AutoFitHeight="0">
    <Cell ss:StyleID="s63"><Data ss:Type="String">prod-api-portal-751</Data><NamedCell
      ss:Name="ProductList"/></Cell>
    <Cell ss:StyleID="s74"><Data ss:Type="String">ct-overview</Data><NamedCell
      ss:Name="ContentList"/></Cell>
   </Row>
   <Row ss:AutoFitHeight="0">
    <Cell ss:StyleID="s63"><Data ss:Type="String">prod-api-portal-752</Data><NamedCell
      ss:Name="ProductList"/></Cell>
    <Cell ss:StyleID="s63"><Data ss:Type="String">ct-platforms</Data><NamedCell
      ss:Name="ContentList"/></Cell>
   </Row>
   <Row ss:AutoFitHeight="0">
    <Cell ss:StyleID="s63"><Data ss:Type="String">prod-api-portal-77</Data><NamedCell
      ss:Name="ProductList"/></Cell>
    <Cell ss:StyleID="s74"><Data ss:Type="String">ct-reference</Data><NamedCell
      ss:Name="ContentList"/></Cell>
   </Row>
   <Row ss:AutoFitHeight="0">
    <Cell ss:StyleID="s63"><Data ss:Type="String">prod-b2bi</Data><NamedCell
      ss:Name="ProductList"/></Cell>
    <Cell ss:StyleID="s74"><Data ss:Type="String">ct-releasenotes</Data><NamedCell
      ss:Name="ContentList"/></Cell>
   </Row>
   <Row ss:AutoFitHeight="0">
    <Cell ss:StyleID="s63"><Data ss:Type="String">prod-b2bi-210</Data><NamedCell
      ss:Name="ProductList"/></Cell>
    <Cell ss:StyleID="s74"><Data ss:Type="String">ct-trouble</Data><NamedCell
      ss:Name="ContentList"/></Cell>
   </Row>
   <Row ss:AutoFitHeight="0">
    <Cell ss:StyleID="s63"><Data ss:Type="String">prod-b2bi-221</Data><NamedCell
      ss:Name="ProductList"/></Cell>
    <Cell ss:StyleID="s72"><Data ss:Type="String">ct-trouble-error</Data><NamedCell
      ss:Name="ContentList"/></Cell>
   </Row>
   <Row ss:AutoFitHeight="0">
    <Cell ss:StyleID="s63"><Data ss:Type="String">prod-b2bi-230</Data><NamedCell
      ss:Name="ProductList"/></Cell>
    <Cell ss:StyleID="s72"><Data ss:Type="String">ct-tutorial</Data><NamedCell
      ss:Name="ContentList"/></Cell>
   </Row>
   <Row ss:AutoFitHeight="0">
    <Cell ss:StyleID="s63"><Data ss:Type="String">prod-cloud-api-man</Data><NamedCell
      ss:Name="ProductList"/></Cell>
    <Cell ss:StyleID="s72"><Data ss:Type="String">ct-upgrade</Data><NamedCell
      ss:Name="ContentList"/></Cell>
   </Row>
   <Row ss:AutoFitHeight="0">
    <Cell ss:StyleID="s63"><Data ss:Type="String">prod-cloud-api-man-742</Data><NamedCell
      ss:Name="ProductList"/></Cell>
    <Cell ss:StyleID="s72"><Data ss:Type="String">ct-user</Data><NamedCell
      ss:Name="ContentList"/></Cell>
   </Row>
   <Row ss:AutoFitHeight="0">
    <Cell ss:StyleID="s63"><Data ss:Type="String">prod-cloud-api-man-751</Data><NamedCell
      ss:Name="ProductList"/></Cell>
    <Cell ss:StyleID="s72"><Data ss:Type="String">ct-category</Data><NamedCell
      ss:Name="ContentList"/></Cell>
   </Row>
   <Row ss:AutoFitHeight="0">
    <Cell ss:StyleID="s63"><Data ss:Type="String">prod-cloud-api-man-752</Data><NamedCell
      ss:Name="ProductList"/></Cell>
   </Row>
   <Row ss:AutoFitHeight="0">
    <Cell ss:StyleID="s63"><Data ss:Type="String">prod-cloud-api-man-77</Data><NamedCell
      ss:Name="ProductList"/></Cell>
   </Row>
   <Row ss:AutoFitHeight="0">
    <Cell ss:StyleID="s63"><Data ss:Type="String">prod-cg</Data><NamedCell
      ss:Name="ProductList"/></Cell>
   </Row>
   <Row ss:AutoFitHeight="0">
    <Cell ss:StyleID="s63"><Data ss:Type="String">prod-cg-103</Data><NamedCell
      ss:Name="ProductList"/></Cell>
   </Row>
   <Row ss:AutoFitHeight="0">
    <Cell ss:StyleID="s63"><Data ss:Type="String">prod-cg-110</Data><NamedCell
      ss:Name="ProductList"/></Cell>
   </Row>
   <Row ss:AutoFitHeight="0">
    <Cell ss:StyleID="s63"><Data ss:Type="String">prod-cg-111</Data><NamedCell
      ss:Name="ProductList"/></Cell>
   </Row>
   <Row ss:AutoFitHeight="0">
    <Cell ss:StyleID="s63"><Data ss:Type="String">prod-cg-112</Data><NamedCell
      ss:Name="ProductList"/></Cell>
   </Row>
   <Row ss:AutoFitHeight="0">
    <Cell ss:StyleID="s63"><Data ss:Type="String">prod-cg-113</Data><NamedCell
      ss:Name="ProductList"/></Cell>
   </Row>
   <Row ss:AutoFitHeight="0">
    <Cell ss:StyleID="s63"><Data ss:Type="String">prod-interchange</Data><NamedCell
      ss:Name="ProductList"/></Cell>
   </Row>
   <Row ss:AutoFitHeight="0">
    <Cell ss:StyleID="s63"><Data ss:Type="String">prod-interchange-5120</Data><NamedCell
      ss:Name="ProductList"/></Cell>
   </Row>
   <Row ss:AutoFitHeight="0">
    <Cell ss:StyleID="s63"><Data ss:Type="String">prod-ms</Data><NamedCell
      ss:Name="ProductList"/></Cell>
   </Row>
   <Row ss:AutoFitHeight="0">
    <Cell ss:StyleID="s63"><Data ss:Type="String">prod-ms-301</Data><NamedCell
      ss:Name="ProductList"/></Cell>
   </Row>
   <Row ss:AutoFitHeight="0">
    <Cell ss:StyleID="s63"><Data ss:Type="String">prod-ms-311</Data><NamedCell
      ss:Name="ProductList"/></Cell>
   </Row>
   <Row ss:AutoFitHeight="0">
    <Cell ss:StyleID="s63"><Data ss:Type="String">prod-ms-330</Data><NamedCell
      ss:Name="ProductList"/></Cell>
   </Row>
   <Row ss:AutoFitHeight="0">
    <Cell ss:StyleID="s63"><Data ss:Type="String">prod-ms-340</Data><NamedCell
      ss:Name="ProductList"/></Cell>
   </Row>
   <Row ss:AutoFitHeight="0">
    <Cell ss:StyleID="s63"><Data ss:Type="String">prod-outlook</Data><NamedCell
      ss:Name="ProductList"/></Cell>
   </Row>
   <Row ss:AutoFitHeight="0">
    <Cell ss:StyleID="s63"><Data ss:Type="String">prod-outlook-330</Data><NamedCell
      ss:Name="ProductList"/></Cell>
   </Row>
   <Row ss:AutoFitHeight="0">
    <Cell ss:StyleID="s63"><Data ss:Type="String">prod-outlook-340</Data><NamedCell
      ss:Name="ProductList"/></Cell>
   </Row>
   <Row ss:AutoFitHeight="0">
    <Cell ss:StyleID="s63"><Data ss:Type="String">prod-sc</Data><NamedCell
      ss:Name="ProductList"/></Cell>
   </Row>
   <Row ss:AutoFitHeight="0">
    <Cell ss:StyleID="s63"><Data ss:Type="String">prod-sc-620</Data><NamedCell
      ss:Name="ProductList"/></Cell>
   </Row>
   <Row ss:AutoFitHeight="0">
    <Cell ss:StyleID="s63"><Data ss:Type="String">prod-sc-630</Data><NamedCell
      ss:Name="ProductList"/></Cell>
   </Row>
   <Row ss:AutoFitHeight="0">
    <Cell ss:StyleID="s63"><Data ss:Type="String">prod-st</Data><NamedCell
      ss:Name="ProductList"/></Cell>
   </Row>
   <Row ss:AutoFitHeight="0">
    <Cell ss:StyleID="s63"><Data ss:Type="String">prod-st-521</Data><NamedCell
      ss:Name="ProductList"/></Cell>
   </Row>
   <Row ss:AutoFitHeight="0">
    <Cell ss:StyleID="s63"><Data ss:Type="String">prod-st-530</Data><NamedCell
      ss:Name="ProductList"/></Cell>
   </Row>
   <Row ss:AutoFitHeight="0">
    <Cell ss:StyleID="s63"><Data ss:Type="String">prod-st-531</Data><NamedCell
      ss:Name="ProductList"/></Cell>
   </Row>
   <Row ss:AutoFitHeight="0">
    <Cell ss:StyleID="s63"><Data ss:Type="String">prod-st-533</Data><NamedCell
      ss:Name="ProductList"/></Cell>
   </Row>
   <Row ss:AutoFitHeight="0">
    <Cell ss:StyleID="s63"><Data ss:Type="String">prod-st-536</Data><NamedCell
      ss:Name="ProductList"/></Cell>
   </Row>
   <Row ss:AutoFitHeight="0">
    <Cell ss:StyleID="s63"><Data ss:Type="String">prod-sentinel</Data><NamedCell
      ss:Name="ProductList"/></Cell>
   </Row>
   <Row ss:AutoFitHeight="0">
    <Cell ss:StyleID="s63"><Data ss:Type="String">prod-sentinel-420</Data><NamedCell
      ss:Name="ProductList"/></Cell>
   </Row>
   <Row ss:AutoFitHeight="0">
    <Cell ss:StyleID="s63"><Data ss:Type="String">prod-cft</Data><NamedCell
      ss:Name="ProductList"/></Cell>
   </Row>
   <Row ss:AutoFitHeight="0">
    <Cell ss:StyleID="s63"><Data ss:Type="String">prod-cft-313</Data><NamedCell
      ss:Name="ProductList"/></Cell>
   </Row>
   <Row ss:AutoFitHeight="0">
    <Cell ss:StyleID="s63"><Data ss:Type="String">prod-cft-322</Data><NamedCell
      ss:Name="ProductList"/></Cell>
   </Row>
   <Row ss:AutoFitHeight="0">
    <Cell ss:StyleID="s63"><Data ss:Type="String">prod-cft-324</Data><NamedCell
      ss:Name="ProductList"/></Cell>
   </Row>
   <Row ss:AutoFitHeight="0">
    <Cell ss:StyleID="s63"><Data ss:Type="String">prod-webtrader</Data><NamedCell
      ss:Name="ProductList"/></Cell>
   </Row>
   <Row ss:AutoFitHeight="0">
    <Cell ss:StyleID="s63"><Data ss:Type="String">prod-webtrader-230</Data><NamedCell
      ss:Name="ProductList"/></Cell>
   </Row>
   <Row ss:AutoFitHeight="0">
    <Cell ss:StyleID="s63"><Data ss:Type="String">prod-other</Data><NamedCell
      ss:Name="ProductList"/></Cell>
   </Row>
  </Table>
  <WorksheetOptions xmlns="urn:schemas-microsoft-com:office:excel">
   <PageSetup>
    <Header x:Margin="0.3"/>
    <Footer x:Margin="0.3"/>
    <PageMargins x:Bottom="0.75" x:Left="0.7" x:Right="0.7" x:Top="0.75"/>
   </PageSetup>
   <Unsynced/>
   <Print>
    <ValidPrinterInfo/>
    <HorizontalResolution>600</HorizontalResolution>
    <VerticalResolution>600</VerticalResolution>
   </Print>
   <Panes>
    <Pane>
     <Number>3</Number>
     <ActiveRow>3</ActiveRow>
     <ActiveCol>2</ActiveCol>
    </Pane>
   </Panes>
   <ProtectObjects>False</ProtectObjects>
   <ProtectScenarios>False</ProtectScenarios>
  </WorksheetOptions>
 </Worksheet>
</Workbook>
